name,address,user_uid
Jacob Lambert,"7992 Amber Trace
Port Clifford, MI 17651",62e50cd2-9844-4bf5-b023-9831fd60245c
Ryan Short,"966 Dana Ford Apt. 370
South Cory, ME 03533",081dcf15-a0f3-4019-b3cb-404a8ac26c6c
Brian Henderson,"8574 Kathryn Club Suite 657
Grantfort, MA 30163",67801cda-40e2-4cfe-ba0d-8c4ecfc98748
Christopher Wilson,"7008 Hoffman Trail
New Amytown, AL 76586",1445efee-26e8-48dc-b774-dcd387a0ddb8
Patrick Lane,"54302 White Parkway
Adrianachester, WI 93258",841bf619-e8d0-4ad4-b0d2-36f2ad32c45f
Bryan Prince,"PSC 0164, Box 5614
APO AE 05076",a2d178e9-f431-4de4-8dd9-39842029bbfd
Taylor Dudley,"5941 Gonzales Unions Apt. 606
Kristamouth, WA 85233",2fa4ab48-607f-4fb7-a4a2-780068d44d95
William Thomas,"92939 Anthony Crossroad Apt. 587
Andrewhaven, NC 59747",b96490c0-efeb-48c3-996a-dc6172e78b5e
Ryan Lee,"1582 Williams Point Apt. 889
Ricestad, HI 31859",3081abf0-5e41-4375-b719-5fe3d3321ab7
Kelly Santiago,"5646 Hall Stream
Amyville, KY 37490",ea8a7da3-56df-4360-b2c5-150a439a0af4
Patrick Robbins,"21904 Perez Isle
Ashleyberg, ND 51217",9c19ebf0-0d13-49b4-be11-3e3b1705536f
Joseph Nolan,"591 Carlos Views Apt. 490
Port Gregory, RI 48041",63764cf6-c58a-4385-99d7-6cbe38e9639f
Lauren Davidson,"6858 Tara Tunnel Apt. 509
North Alanborough, MD 02918",8e642ca6-16c3-49a8-a0a3-b6246bf43cbf
James Davis,"17385 Anderson Street Suite 064
North Seanbury, ME 80032",875bfd2d-c43b-4b0c-bbfb-10b567a1fee3
Michael Bray,"4069 Heather Mills
New Jaystad, FL 50827",409ff9e9-9e25-46db-bf3e-38f1797989f1
Jerry Kennedy,"15080 Carter Drive Apt. 023
New Taylortown, LA 80073",8474a0f6-90bd-4413-9402-7281d456c162
James Carr,"USNS Gutierrez
FPO AE 26732",a7b7bafa-aa56-404c-9d1c-707136fde92f
Eric Henderson,"2676 Kenneth Divide
Sheliahaven, NJ 22713",ffb1a038-79e2-48ed-ad68-bba1df8e4d78
Shirley Edwards,"0230 Quinn Flat
New James, TN 72659",b71beae6-42fe-426f-a409-65061ad748d3
Roberta Long,"85299 Scott Mews
East Linda, LA 93626",4348555d-5e86-4f30-a728-865ebe048381
Denise Carrillo,"89495 Watkins Fall
Jessicachester, CO 42457",43a9f7ff-397f-44fe-88cc-a962a7f5c02a
Melvin White MD,"358 Robert Fork Apt. 286
South Christina, RI 88501",a505d2dd-0284-4f9b-8a9f-19eebc5de9b0
Sean Morales,"716 William Avenue Apt. 562
Glennmouth, WI 29306",b164e8fa-e123-4b24-9cd9-6d00b1f7020f
Donald Olson,"01431 Jacqueline Heights
Shanetown, CT 05872",df735467-4c7c-4e06-b2ad-fd78c44d7bac
Jordan Lopez,"95923 Ross Coves
New Melissahaven, WI 54087",e4caa88e-b918-4380-8381-46cb7f1e11b4
Erika Martinez,"20737 Smith Ramp Apt. 462
Nancyside, KS 86866",53a1cab7-b98f-4bab-a113-4dc757d573d0
Heather Harrington,"USS Bush
FPO AP 65250",d2ef8c2f-9a36-4c43-a5be-fe868da58ba8
Jade Allen,"9654 Lee Isle Apt. 644
South Angela, NH 76182",49133ba2-efe8-469d-9fd8-68eb91819c6c
Jennifer Rivers,"487 Henson Isle
Port Williammouth, VT 99837",210f0d52-8684-42ef-a8ec-079b0e9734c5
Tony Wallace,"8511 David Mountain Suite 793
Port Tanya, WY 90168",2d82f827-e2b3-4b34-8e61-a2505452dd56
Michael Williams,"6885 Russell Coves Apt. 926
North Ryan, GA 00666",0d9113d0-8ac9-4a65-8807-e332e7e3bd7a
Erik Perez,"12772 Ray Junction Apt. 433
Nunezland, AK 51898",50f3342f-e086-4609-9df9-ac098b132076
Adam Klein,"28545 Anthony Valleys Apt. 080
East Travishaven, DC 03860",c6c86b15-9d83-4f60-bb2e-cd2122b0f5c5
Roger Simmons,"3928 Hunter Radial Apt. 497
North Stacyhaven, PA 32435",910817ef-260e-4af2-9459-e7131558f185
Vickie Green,"074 Holloway Lake Apt. 441
North Lindsayview, RI 58820",77d21656-1247-4a6a-bf56-15e6833075c6
Brent Delgado,"3124 Jarvis Valley
Wilsonmouth, GA 44760",865c6011-fc2f-4727-aeb2-843c3a297b97
Nathan Sanchez,"324 Wallace Highway
Lisatown, TX 50156",e8a7baa3-1fbf-457e-8299-1b201fc6381c
Jordan Abbott,"67375 Conley Shore
Knightborough, RI 41293",ff85fce5-bd3a-4d48-b8e7-ffd20e6eaa49
Malik Baker,"83971 Rasmussen Dale
West Zachary, MO 86707",41fb11a9-dc87-47a1-ad27-16506f51fa72
April Gomez,"3241 Stephanie Hill Suite 216
Christinaside, OR 74583",c405a73f-e145-4c55-9f89-05e9e240b8b1
Troy Reynolds,"27376 Hawkins Path Suite 405
Floresburgh, ND 41736",f65302dd-e10f-430d-afe8-4f3e41fda9d8
Dale Simon,"818 Valerie Pass
Port Christinehaven, MS 21497",42b3da8a-bff5-4d72-965b-4e9207111406
Elizabeth Pittman,"8564 Nicole Parkway
East Dennis, ID 24813",dbfaecd1-30b8-4f4c-994d-ac6d36de096a
Sarah Jones,"77218 Buckley Ford Apt. 641
Sarahhaven, ND 05925",8854b430-4921-43ec-aa4a-3a8042746d25
Jason Clayton,"2230 Lewis Route
Sarahport, VA 71401",5fd1705b-8830-4a29-a124-dd4f80ea893a
Gary Serrano,"5786 Daniel Tunnel Apt. 825
Martinmouth, RI 44126",17f412c9-6c39-4726-bd32-13675d8181b6
Kevin Potter,"085 Chase Roads
South Courtney, TX 47106",ea2b0e02-719a-4bb5-997f-bb2b3ced7fd4
Billy Kelley,"779 Julie Trafficway
Warrenstad, MO 88855",40fb6a27-41aa-4ce8-9349-1a42a0cc416b
Briana Lewis,"5642 Mallory Viaduct Suite 252
Port Wayneburgh, NE 87774",579224d2-9e9c-4ccb-b9ac-73e7a6c273f9
Pamela Norris,"Unit 4596 Box 9468
DPO AE 69242",30c3c141-f349-415b-815e-b86cfb847ecd
Riley Simmons,"3981 Lindsey Ports Apt. 945
Michealfurt, LA 35145",c20d65c6-a2f2-40be-ad72-e5bff9e987c6
Alexandra Myers,"128 David Hollow Suite 094
East Jose, SC 47198",ac900ced-8edd-4eda-83be-2d038ac8dda4
Erika Benton,"0596 Rodgers Path
Anthonyville, KY 77983",53176db9-6e27-4eb1-858c-c2322812b357
Heidi Moore,"037 Scott Ford Apt. 147
North Wendy, SD 16476",f8c0f419-0286-4a35-9153-6eadffd5ebb2
Pamela Lawrence,"PSC 0033, Box 8572
APO AE 77094",38f52434-9aab-4d56-baee-2e075bc9511e
Melissa Martin,"387 Rocha Mountains
Lake Robert, NJ 28479",73cdb8ba-590f-43f8-af59-03c2f95438c8
Taylor Carroll,"70478 Raymond Street
Lake Amandabury, MD 77881",3a0059f6-d1d5-4bf5-bc43-41e21c9542d2
Alicia Walker,"5453 Myers Junctions Suite 641
Port Lindsay, NC 18124",7cfe6b57-3900-47f0-a72b-990242cb7919
Paul Porter,"911 Nguyen Ports
Lindamouth, NM 26151",aa02405f-95ab-4939-9c3a-b868de35c3b5
Beth Rosales,"24675 David Circles Suite 937
Port Adamburgh, NE 05552",d803830f-b0b9-43a5-aac0-d41fe005f08c
Leah Scott,"735 Pennington Avenue Apt. 629
New Cindyton, OR 45642",d459d9c9-2fb5-4173-9c2e-be86e19200ae
Jonathan Cline,"775 Emily Crest
Hillville, SD 54467",1314b0a8-a564-4b9a-8c23-8940653ed5ee
Thomas Jenkins,"53073 Adams Loop Apt. 310
Marcshire, OK 68612",f77b3fe1-a4b0-4e54-82c2-c24476dda400
Patricia Richardson,"7554 Jimmy Grove Apt. 808
West Clifford, MN 30185",00930d8a-2acf-4c3d-9c30-269f11b9df1f
Melissa Berry,"USNS Little
FPO AP 52769",cd425cca-ac61-435a-abb7-965bc60ccc68
Kristen Frazier,"Unit 8343 Box 3269
DPO AP 41347",9e9de23a-0a6f-402a-aa5a-9b46adb2c490
Rhonda Roberts,"37226 Timothy Pines Apt. 225
Jonesstad, AZ 45210",2bea324c-f287-4857-ba7a-47d96d55d961
Spencer Estes,"3435 Brooks Shore Suite 793
Nicoleville, NE 24924",e5ec7878-c6bd-4c2a-a9a5-3382cfea182b
Stephen Ross,"516 Jackson Lights Apt. 031
East Kevin, OK 02092",b7787215-66a6-4bc6-bcd1-5caa9ce08e48
William Bell,"5654 Megan Streets
Aguilarchester, ID 29372",7446f7a5-4d53-4f19-b25b-fbdf0d317c6d
Stacy Holmes,"333 Sandra Parks Suite 520
Justinmouth, KY 22977",a08f4bd0-9147-4e50-8c20-416666cca504
Christopher Lee,"040 Eric Curve
Kennethbury, WV 07611",073de549-7ac8-402f-8544-5ec3446dd93a
Alan Murray,"275 Michele Mews
Bushtown, IA 02179",f919ade0-e137-48c7-8ccb-904632041603
Nicholas Ramos,"4870 Peters Views Suite 015
Jordanshire, AK 49038",27052d2f-fffd-42e9-8ab2-8cbb4de50dbf
Bruce Chase,"743 Padilla Ports
Markfort, IL 13357",b164498e-799f-46e6-a6b7-01c2dd3d451a
Marc Vasquez,"463 Montgomery Forge
North Michael, RI 77498",3f6dd2ac-6969-4b2b-a869-c1d7a9e27397
Brandon Parker,"Unit 5951 Box 9549
DPO AA 27737",7ae45ee0-36e5-4b1b-ae52-37f06d41b248
Andres Porter,"055 Haas Mall
East Jacob, OR 24365",f0dca792-97ac-42af-ae1c-00905ee98520
Cindy Smith,"454 Garcia Island Apt. 397
Amberbury, FL 34034",76c6d5e5-1d4c-4a33-921a-de1412d1a8e4
John Meyer,"13614 Jessica Trail Apt. 199
Lake Noah, VA 24472",5eeda2cc-373d-441f-85e8-4caa52f8a415
Heidi Harris,"PSC 0453, Box 3179
APO AP 72832",03fa5f8f-bab4-41c5-a7d0-d38332a76343
Susan Archer,"501 Hodge Pines Suite 891
New Lucastown, MT 47424",36cdc672-7a3b-4642-a794-f2e488cbd621
Chris Edwards,"79794 Johnson Falls
Mcneilburgh, WI 57275",0f7f6896-aaf2-4603-998d-7eec40848bec
Kelsey Anderson,"360 Megan Gateway
North Desiree, NJ 67910",87ffd45e-05e9-4c13-bfcc-e2b9f830595c
Heather Pierce,"9478 Katherine Pine Suite 092
South Antonio, MD 56343",7e0dc9cb-d33b-4f0d-a9f2-8e6d696bd780
Joshua Porter,"635 Jacob Garden
South Christopherland, CT 24108",c4456a4d-119f-4789-99ef-d382d19934c2
Heather Gomez,"Unit 9323 Box 6859
DPO AE 87087",32aeb380-7ded-4344-b2d6-cedeac7616aa
Michael Branch,"347 Brandi Track
Floresborough, UT 63464",14115d7b-2083-4916-9961-665dfcce39be
Sarah Lewis,"2701 Neal Curve
South Kathleenport, UT 40655",c3df0cfe-9c7c-4957-b2ea-c14de70ccbfb
Wendy Boyd,"07438 James Tunnel
Yatesfort, MO 04298",bb8b18e8-b357-4f37-8b8d-ad04ce27faec
Brittany Meza,"91967 Sherri Drives Apt. 093
North Andreaville, CO 80732",bb8000a3-d4c4-4387-835d-1e4c0c2a9089
Ashley Miller,"97952 Nicole Alley
Lake Joseph, DC 13581",81f98aca-718c-48fd-97e9-2909bd662ce6
Jessica Harris,"330 David Light
South Emily, UT 28693",67b7c662-22bb-44e0-aa12-b3bc93a05a6e
Christine Hicks,"874 Stephen Ferry
Torresfort, MI 83819",9216432c-278d-4a21-95e8-e74355c6fb81
Jon Gonzales,"7859 Jones Burgs
Lake Michael, GA 58632",f1a0613e-2d4c-4d85-9424-093632cb33db
Amanda Mejia,"03908 Denise Expressway Apt. 394
East Jeffreyville, WV 58370",f7c04d15-821f-43dd-9275-4cb6af70011f
Kent Sanchez,"0013 Christopher Isle Apt. 264
Shirleyport, CT 39737",330fa89a-fb17-4ee0-a06f-1bd010c55a47
Jane King,"17961 Hector Parks Apt. 320
Torresmouth, NV 53264",14dfd39e-3d45-4d86-b562-a7425194752d
Dalton Mcclain,"4984 Robinson Passage
Leonstad, VT 69822",0699fb13-aafd-427e-97de-6b664a70eefe
Terri Oconnell,"49909 Barton Cliff
Port Lisa, LA 62353",63052620-9c36-41d1-977c-8218adea3b28
